Manufacturer/Supplier,Product/Model,RO Capacity (LPH),Price (INR),Main Application,Location,Supplier Type,Purification Stages,RO Membrane Specification,Pump Specification,Power Supply,Power Consumption,Storage Capacity,Warranty,Source URL,Price per LPH (INR),Capacity Range,Automation / Spec Completeness
Alef Technologies,Industrial RO Plant 250 LPH,250,95000,Borewell; industrial,"Chennai, Tamil Nadu",Manufacturer,Not disclosed,Not disclosed,Not disclosed,Not disclosed,Not disclosed,Not disclosed,Not disclosed,https://www.aajjo.com/product/industrial-ro-plant-250-lph-in-chennai-alef-technologies,380.0,≤500 LPH,0
Riviera Solutions,FRP RO Plant 250 LPH,250,85000,Industrial water treatment,"Avadi, Chennai, Tamil Nadu",Manufacturer,Not disclosed,Not disclosed,Not disclosed,Not disclosed,Not disclosed,Not disclosed,Not disclosed,https://www.rivierasolutions.in/industrial-ro-plant.html,340.0,≤500 LPH,0
Droppure,500 LPH Industrial RO System Plant,500,87000,Commercial / industrial,"Ambattur, Chennai, Tamil Nadu",Manufacturer,2 (TFC; housing count),TFC; 2 membranes,Not disclosed,Not disclosed,1.0 HP min,Not disclosed,1 year,https://www.droppure.in/ro-plant-and-system.html,174.0,≤500 LPH,4
Satya Neer,"Commercial 500 LPH RO Plant, 2x4040",500,165000,Hospital; hotel; office; school; factory,"Samaipur, Delhi",Manufacturer/Supplier,3 (sediment; carbon; RO),2 x 4040,Not disclosed,220V single phase,1 HP / 2 HP,Not disclosed,1 year pump/control panel,https://www.satyaneer.com/product-page/commercial-500-lph-ro-plant,330.0,≤500 LPH,5
Flow Tech Engineers,500 LPH Commercial RO Plant,500,100000,Water purification; commercial,"Coimbatore, Tamil Nadu",Manufacturer,Not disclosed,Toray Japan,SS multistage high-pressure pump,Not disclosed,Not disclosed,Not disclosed,Not disclosed,https://www.flowtechengineering.in/water-treatment-plant.html,200.0,≤500 LPH,2
Ocean Star Technologies,500 LPH Commercial RO Plant,500,90000,Commercial water purification,"New Delhi, Delhi",Trader/Retailer,Not disclosed,Not disclosed,Not disclosed,Not disclosed,Not disclosed,Not disclosed,Not disclosed,https://www.oceanstartechnologies.co.in/commercial-ro-plant.html,180.0,≤500 LPH,0
Jovial Water Technologies,500 LPH Industrial RO Plant,500,110000,Drinking; industrial process; commercial,"Delhi, India",Supplier/Manufacturer (listing),Not disclosed,Not disclosed,High-pressure pump,220/380V,2–3 kW,Not disclosed,Not disclosed,https://www.tradeindia.com/products/500-lph-industrial-ro-plant-c13286929.html,220.0,≤500 LPH,3
Uni Tech Aqua Solutions,500 LPH Industrial RO Plant,500,65000,Industrial water treatment,"Bhopal, Madhya Pradesh",Service provider/Supplier,Not disclosed,Not disclosed,Not disclosed,Not disclosed,Not disclosed,Not disclosed,Not disclosed,https://www.tradeindia.com/products/500-lph-industrial-ro-plant-c13364847.html,130.0,≤500 LPH,0
M/s Aqua Filter,200 LPH Industrial RO Plant,200,80000,Industrial water purification,"Lucknow, Uttar Pradesh",Manufacturer/Supplier (listing),Multi-stage pre/post filtration,Spiral-wound polyamide membrane,316 SS multistage pump,Not disclosed,TEFC motor; rating not disclosed,Not disclosed,Not disclosed,https://www.aajjo.com/product/200-lph-industrial-ro-plant,400.0,≤500 LPH,4
Rain Power Filtration,250 LPH Industrial RO System,250,90000,Water purification,"Ahmedabad, Gujarat",Manufacturer/Supplier,Not disclosed,TFC; 3 membranes,Not disclosed,"380V, 3-phase",Not disclosed,Not disclosed,Not disclosed,https://www.aajjo.com/product/250-lph-industrial-ro-system,360.0,≤500 LPH,2
Ultra Watech Systems,UWS-1000 Industrial RO Plant,1000,250000,Industrial water treatment,"Chennai, Tamil Nadu",Manufacturer,Not disclosed,Hydranautics,Not disclosed,Not disclosed,Not disclosed,Not disclosed,Not disclosed,https://www.ultrawatech.com/industrial-reverse-osmosis-plant.html,250.0,501–1000 LPH,1
Ultimate RO Systems,1000 LPH Commercial / Industrial RO Plant,1000,195000,Industrial applications,"Noida, Uttar Pradesh",Manufacturer,Not disclosed,Not disclosed,Not disclosed,Not disclosed,Not disclosed,Not disclosed,Warranty mentioned; duration not stated,https://www.ultimaterosystems.com/product-page/commercial-ro-plant-manufacturer,195.0,501–1000 LPH,1
Canadian Crystalline,1000–2000 LPH Industrial RO Plant,1000,500000,Drinking; industrial water treatment,"Chennai, Tamil Nadu",Manufacturer,Not disclosed,TFC,Not disclosed,380V,Not disclosed,Not disclosed,Not disclosed,https://www.canadiancrystalline.co.in/reverse-osmosis-plant.html,500.0,501–1000 LPH,2
Mahaveer Enterprises,1000 LPH Industrial RO Plant,1000,95000,Industrial; food; pharma; textile,"Lucknow, Uttar Pradesh",Supplier/Manufacturer (listing),Not disclosed,Not disclosed,Centrifugal / high-pressure pump,Not disclosed,1.5–2.5 kW,Not disclosed,Not disclosed,https://www.tradeindia.com/products/1000-lph-industrial-ro-plant-c12586651.html,95.0,501–1000 LPH,2
Electrovery Technologies,2000 LPH Fully Automatic SS RO Plant,2000,350000,Pharma; food & beverage; hospitality,India (online supplier),Manufacturer,Not disclosed,Not disclosed,Not disclosed,Not disclosed,Not disclosed,Not disclosed,1 year,https://electrovery.com/2000lph-fully-automatic-ss-ro-plant,175.0,1001–2000 LPH,1
Asian Aqua Park,2000 LPH Industrial RO Plant,2000,400000,Pharma; food; boiler feed; bottling; drinking,"Coimbatore, Tamil Nadu",Manufacturer,4+ (sand; micron; antiscalant; carbon + RO),2 x 8040,Vertical multistage,Not disclosed,Not disclosed,Not disclosed,Not disclosed,https://www.asianaquapark.in/industrial-ro-system.html,200.0,1001–2000 LPH,3
ZERO SCALE / WTPESTORE,ZS-RO2000 RO Plant,2000,400000,Hotels; hospitals; housing societies,"Faridabad, Haryana",Supplier/Brand,3+ (multigrade; ACF; cartridge + RO),2 x 8040 TFC,5 HP SS multistage,415V 3-phase,5 HP,Not disclosed,Not disclosed,https://www.wtpestore.co.in/products/ro-plant-2000-lph.html,200.0,1001–2000 LPH,5
Dharmanandan Techno Projects,3000 LPH Industrial RO Plant,3000,750000,Industrial water treatment,"Surat, Gujarat",Manufacturer/Supplier,Not disclosed,Not disclosed,Not disclosed,Not disclosed,5 kW,Not disclosed,Not disclosed,https://www.aajjo.com/product/3000-lph-industrial-ro-plant,250.0,2001–5000 LPH,1
M/s Viksara Complete Water Solutions,5000 LPH Industrial RO Plant,5000,375000,Industrial water treatment,"Navi Mumbai, Maharashtra",Supplier/Trading Company,Not disclosed,2-membrane system,Not disclosed,380V 3-phase,Not disclosed,Not disclosed,Not disclosed,https://www.tradeindia.com/products/three-phase-5000-lph-industrial-ro-plant-for-industrial-use-7753862.html,75.0,2001–5000 LPH,2
Riviera Solutions,6000 LPH MS RO Plant,6000,1100000,Industrial water treatment,"Avadi, Chennai, Tamil Nadu",Manufacturer,Not disclosed,TFC,Not disclosed,Not disclosed,Not disclosed,Not disclosed,1 year,https://www.rivierasolutions.in/reverse-osmosis-plant.html,183.33333333333334,5001–10000 LPH,2
